{"cameraMode":{"drawMode":0,"name":"Shaded","section":"Shading Mode"},"sceneLighting":true,"audioPlay":false,"sceneViewState":{"showFog":false,"showMaterialUpdate":false,"showSkybox":false,"showFlares":false,"showImageEffects":false,"showParticleSystems":false},"in2DMode":false,"pivot":{"x":8.985369682312012,"y":11.293487548828125,"z":-5.817205905914307},"rotation":{"x":0.07309750467538834,"y":0.8928115367889404,"z":-0.15693622827529908,"w":0.41585326194763186},"size":19.859113693237306,"orthographic":false}