{"cameraMode":{"drawMode":0,"name":"Shaded","section":"Shading Mode"},"sceneLighting":true,"audioPlay":false,"sceneViewState":{"showFog":false,"showMaterialUpdate":false,"showSkybox":false,"showFlares":false,"showImageEffects":false,"showParticleSystems":false},"in2DMode":false,"pivot":{"x":-41.252174377441409,"y":-1.1077919006347657,"z":-32.25447082519531},"rotation":{"x":-0.01228360366076231,"y":0.9813035726547241,"z":-0.18008841574192048,"w":-0.06693197041749954},"size":104.01237487792969,"orthographic":false}